"Transaction Type","Date","Account Type","Description","Amount","Reference No.","Credits","Debits"
FEE,9/21/18,Checking,"EXCHANGE FEE",-1.08," ",,$1.08
"POS DEBIT",9/21/18,Checking,"WM SUPERCENTER    SALEM        NH            6819",-73.40," ",,$73.40
"DIRECT DEBIT",9/21/18,Checking,"CHIPOTLE 1799     BEDFORD      NH            6801",-21.86," ",,$21.86
"DIRECT DEBIT",9/21/18,Checking,"EVE ONLINE        REYKJAVIK                  6819",-38.85," ",,$38.85
FEE,9/20/18,Checking,"EXCHANGE FEE",-1.08," ",,$1.08
DEBIT,9/20/18,Checking,"CAPITAL ONE      ONLINE PMT",-5.16," ",,$5.16
DEBIT,9/20/18,Checking,"CAPITAL ONE      ONLINE PMT",-64.86," ",,$64.86
"POS DEBIT",9/20/18,Checking,"WINDHAM COUNTR    WINDHAM      NH            6819",-33.32," ",,$33.32
"POS DEBIT",9/20/18,Checking,"WINDHAM COUNTR    WINDHAM      NH            6819",-6.17," ",,$6.17
"POS DEBIT",9/20/18,Checking,"INSTACART SUBSCRIPHTTPSINSTACARCA            6819",-14.99," ",,$14.99
"DIRECT DEBIT",9/20/18,Checking,"PAYPAL *CCP GAMES 35314369001                6819",-38.85," ",,$38.85
"DIRECT DEBIT",9/20/18,Checking,"CVS/PHARMACY #0074BEDFORD      NH            6801",-0.46," ",,$0.46
"DIRECT DEBIT",9/20/18,Checking,"DUNKIN #339732 Q35BEDFORD      NH            6801",-7.15," ",,$7.15
"DIRECT DEBIT",9/20/18,Checking,"Steamgames.com4259425-9522985  WA            6819",-12.99," ",,$12.99
"POS DEBIT",9/19/18,Checking,"WINDHAM COUNTR    WINDHAM      NH            6819",-13.37," ",,$13.37
"POS DEBIT",9/19/18,Checking,"Shaws - Osco      MERRIMACK    NH            6801",-132.56," ",,$132.56
"DIRECT DEBIT",9/19/18,Checking,"GOOGLE *RaeScottDeg.co/helppay#CA            6819",-4.99," ",,$4.99
"DIRECT DEBIT",9/19/18,Checking,"CHUNKY'S CINEMAS  MANCHESTER   NH            6801",-10.00," ",,$10.00
"DIRECT DEPOSIT",9/19/18,Checking,"ROBERT HALF INTE PAYROLL",1134.12," ","$1,134.12",
OTHER,9/18/18,Checking,,-25.00," ",,$25.00
OTHER,9/18/18,Checking,,0.04," ",$0.04,
DEBIT,9/18/18,Checking,"WF HOME MTG      AUTO PAY",-1424.77," ",,"$1,424.77"
"POS DEBIT",9/18/18,Checking,"WAL-MART #2142    SALEM        NH            6819",-23.33," ",,$23.33
"POS DEBIT",9/18/18,Checking,"NETFLIX COM       LOS GATOS    CA            6819",-10.99," ",,$10.99
"DIRECT DEBIT",9/18/18,Checking,"NH DOS DMV MANCHESMANCHESTER   NH            6801",-50.00," ",,$50.00
"DIRECT DEBIT",9/18/18,Checking,"DUNKIN #357416    MANCHESTER   NH            6801",-6.74," ",,$6.74
"POS DEBIT",9/17/18,Checking,"MARKET BASKET 71  BEDFORD      NH            6801",-17.95," ",,$17.95
"POS DEBIT",9/17/18,Checking,"THE GRANITE YMCA  603-2328619  NH            6801",-62.00," ",,$62.00
"DIRECT DEBIT",9/17/18,Checking,"RED ARROW 24 HOUR MANCHESTER   NH            6819",-17.81," ",,$17.81
"DIRECT DEBIT",9/17/18,Checking,"WILD ROVER PUB    MANCHESTER   NH            6819",-12.01," ",,$12.01
"DIRECT DEBIT",9/17/18,Checking,"MCGARVEY SALOON   MANCHESTER   NH            6819",-9.00," ",,$9.00
"POS DEBIT",9/17/18,Checking,"Z1 XPRESS - GOFFSTGOFFSTOWN    NH            6801",-35.08," ",,$35.08
"POS DEBIT",9/17/18,Checking,"HOBBYLOBBY 1525 S.MANCHESTER   NH            6801",-8.27," ",,$8.27
"DIRECT DEBIT",9/17/18,Checking,"SAKU JAPAN.       MANCHESTER   NH            6801",-9.79," ",,$9.79
"POS DEBIT",9/17/18,Checking,"Spotify USA       646-8375380  NY            6819",-9.99," ",,$9.99
"POS DEBIT",9/17/18,Checking,"DODGE'S COUNTR    NEW BOSTON   NH            6819",-38.48," ",,$38.48
"DIRECT DEBIT",9/17/18,Checking,"AMZN Mktp US      Amzn.com/billWA            6801",-37.37," ",,$37.37
"POS DEBIT",9/17/18,Checking,"HLU*Hulu 61201170-HULU.COM/BILLCA            6801",-7.99," ",,$7.99
"DIRECT DEBIT",9/17/18,Checking,"Audible US        888-283-5051 NJ            6819",-14.95," ",,$14.95
"DIRECT DEBIT",9/17/18,Checking,"BURGER KING #16755MANCHESTER   NH            6801",-13.93," ",,$13.93
"DIRECT DEBIT",9/17/18,Checking,"WALMART.COM       800-966-6546 AR            6801",-39.96," ",,$39.96
DEBIT,9/14/18,Checking,"EVERSOURCE       WEB_PAY",-313.89," ",,$313.89
"POS DEBIT",9/14/18,Checking,"WINDHAM COUNTR    WINDHAM      NH            6819",-17.35," ",,$17.35
"POS DEBIT",9/14/18,Checking,"Amazon Prime      Amzn.com/billWA            6819",-119.00," ",,$119.00
"DIRECT DEPOSIT",9/14/18,Checking,"ROBERT HALF INTE PAYROLL",1226.82," ","$1,226.82",
"POS DEBIT",9/13/18,Checking,"WINDHAM COUNTR    WINDHAM      NH            6819",-39.76," ",,$39.76
"POS DEBIT",9/13/18,Checking,"WINDHAM COUNTR    WINDHAM      NH            6819",-7.26," ",,$7.26
"POS DEBIT",9/13/18,Checking,"HANNAFORD #831    MANCHESTER   NH            6801",-166.91," ",,$166.91
"DIRECT DEBIT",9/13/18,Checking,"PIZZA 911- GOFFSTOGOFFSTOWN    NH            6801",-28.85," ",,$28.85
"DIRECT DEBIT",9/13/18,Checking,"AMZN Mktp US      Amzn.com/billWA            6819",-8.76," ",,$8.76
"DIRECT DEBIT",9/13/18,Checking,"AMZN Mktp US      Amzn.com/billWA            6819",-179.99," ",,$179.99
"DIRECT DEBIT",9/13/18,Checking,"NEW BOSTON DENTAL NEW BOSTON   NH            6819",-322.00," ",,$322.00
"DIRECT DEBIT",9/12/18,Checking,"DUNKIN #339732 Q35BEDFORD      NH            6801",-2.71," ",,$2.71
"DIRECT DEBIT",9/12/18,Checking,"USA*IVS VENDING MAMANCHESTER   NH            6801",-5.00," ",,$5.00
"DIRECT DEBIT",9/12/18,Checking,"USA*IVS VENDING MAMANCHESTER   NH            6801",-5.00," ",,$5.00
DEPOSIT,9/12/18,Checking,,50.00," ",$50.00,
TRANSFER,9/12/18,Checking,"FROM SAVINGS     3373239967",1000.00," ","$1,000.00",
"POS DEBIT",9/11/18,Checking,"Wal-Mart Super    SALEM        NH            6819",-70.29," ",,$70.29
"POS DEBIT",9/11/18,Checking,"THE CHILDRENS PLACMANCHESTER   NH            6801",-29.95," ",,$29.95
"POS DEBIT",9/11/18,Checking,"DODGE'S COUNTR    NEW BOSTON   NH            6819",-12.21," ",,$12.21
"DIRECT DEBIT",9/11/18,Checking,"AMZN Mktp US      Amzn.com/billWA            6801",-12.99," ",,$12.99
"DIRECT DEBIT",9/11/18,Checking,"TST* UBON THAI 2 GMANCHESTER   NH            6801",-46.87," ",,$46.87
"DIRECT DEBIT",9/11/18,Checking,"AMZN Mktp US      Amzn.com/billWA            6801",-28.99," ",,$28.99
"DIRECT DEBIT",9/11/18,Checking,"AMZN Mktp US      Amzn.com/billWA            6801",-23.97," ",,$23.97
"DIRECT DEBIT",9/11/18,Checking,"AMZN Mktp US      Amzn.com/billWA            6819",-29.99," ",,$29.99
"POS DEBIT",9/10/18,Checking,"WINDHAM COUNTR    WINDHAM      NH            6819",-9.17," ",,$9.17
"DIRECT DEBIT",9/10/18,Checking,"AMZN Mktp US      Amzn.com/billWA            6801",-12.30," ",,$12.30
"DIRECT DEBIT",9/10/18,Checking,"PIZZA 911- GOFFSTOGOFFSTOWN    NH            6819",-19.14," ",,$19.14
"DIRECT DEBIT",9/10/18,Checking,"AMZN Mktp US      Amzn.com/billWA            6801",-34.99," ",,$34.99
"DIRECT DEBIT",9/10/18,Checking,"AMZN Mktp US      Amzn.com/billWA            6819",-39.98," ",,$39.98
"ATM DEBIT",9/10/18,Checking,"11 CHURCH STREET  GOFFSTOWN    NH            6819",-100.00," ",,$100.00
"POS DEBIT",9/10/18,Checking,"CUMBERLAND FAR    GOFFSTOWN    NH            6801",-35.38," ",,$35.38
"POS DEBIT",9/10/18,Checking,"MARKET BASKET 71  BEDFORD      NH            6801",-39.46," ",,$39.46
"POS DEBIT",9/10/18,Checking,"GOOGLE *YouTube TV855-836-3987 CA            6819",-35.00," ",,$35.00
"POS DEBIT",9/10/18,Checking,"Wal-Mart Super    MANCHESTER   NH            6801",-305.17," ",,$305.17
"DIRECT DEBIT",9/10/18,Checking,"SUBWAY        0328MANCHESTER   NH            6801",-6.54," ",,$6.54
"DIRECT DEBIT",9/10/18,Checking,"AMZN Mktp US      Amzn.com/billWA            6819",-21.28," ",,$21.28
"DIRECT DEBIT",9/10/18,Checking,"AMZN Mktp US      Amzn.com/billWA            6801",-20.98," ",,$20.98
"DIRECT DEBIT",9/10/18,Checking,"AMZN Mktp US      Amzn.com/billWA            6801",-24.98," ",,$24.98
DEBIT,9/7/18,Checking,"COMCAST 8773201  820154096",-85.95," ",,$85.95
"DIRECT DEBIT",9/7/18,Checking,"DUNKIN #337152 Q35GOFFSTOWN    NH            6801",-11.60," ",,$11.60
DEBIT,9/6/18,Checking,"THE GRANITE YMCA ELEC DRAFT",-62.00," ",,$62.00
"POS DEBIT",9/6/18,Checking,"WINDHAM COUNTR    WINDHAM      NH            6819",-11.63," ",,$11.63
"POS DEBIT",9/6/18,Checking,"GOOGLE *YouTube Pr855-836-3987 CA            6819",-14.99," ",,$14.99
"POS DEBIT",9/6/18,Checking,"WINDHAM COUNTR    WINDHAM      NH            6819",-18.58," ",,$18.58
"POS DEBIT",9/6/18,Checking,"WINDHAM COUNTR    WINDHAM      NH            6819",-24.66," ",,$24.66
"DIRECT DEBIT",9/6/18,Checking,"AMZN Mktp US      Amzn.com/billWA            6801",-19.68," ",,$19.68
"DIRECT DEBIT",9/6/18,Checking,"DAILY WIRE        817-8503600  TX            6819",-7.99," ",,$7.99
"DIRECT DEPOSIT",9/6/18,Checking,"ROBERT HALF INTE PAYROLL",1149.57," ","$1,149.57",
DEBIT,9/5/18,Checking,"FEDLOANSERVICING STDNT LOAN",-62.78," ",,$62.78
DEBIT,9/5/18,Checking,"THE GRANITE YMCA ELEC DRAFT",-78.00," ",,$78.00
"DIRECT DEBIT",9/5/18,Checking,"AMZN Mktp US      Amzn.com/billWA            6801",-14.99," ",,$14.99
"DIRECT DEBIT",9/5/18,Checking,"AMZN Mktp US      Amzn.com/billWA            6819",-12.24," ",,$12.24
"DIRECT DEBIT",9/5/18,Checking,"SUBWAY        0029GOFFSTOWN    NH            6801",-12.82," ",,$12.82
"DIRECT DEBIT",9/5/18,Checking,"DUNKIN #306010 Q35GOFFSTOWN    NH            6801",-2.82," ",,$2.82
DEBIT,9/4/18,Checking,"PAYPAL           VERIFYBANK",-0.15," ",,$0.15
DEBIT,9/4/18,Checking,"PAYPAL           INST XFER",-20.96," ",,$20.96
DEBIT,9/4/18,Checking,"GOUGH23          IAT PAYPAL",-27.18," ",,$27.18
"POS DEBIT",9/4/18,Checking,"WINDHAM COUNTR    WINDHAM      NH            6819",-12.99," ",,$12.99
"POS DEBIT",9/4/18,Checking,"MARKET BASKET 71  BEDFORD      NH            6801",-171.37," ",,$171.37
"POS DEBIT",9/4/18,Checking,"DOLLAR TREE       GOFFSTOWN    NH            6801",-17.00," ",,$17.00
"POS DEBIT",9/4/18,Checking,"SULLY'S SUPERE    GOFFSTOWN    NH            6801",-26.15," ",,$26.15
"DIRECT DEBIT",9/4/18,Checking,"CHIPOTLE 1799     BEDFORD      NH            6819",-15.59," ",,$15.59
"POS DEBIT",9/4/18,Checking,"PENGUIN MART      MILFORD      NH            6819",-11.67," ",,$11.67
"POS DEBIT",9/4/18,Checking,"IPSY   *GLAM BAG  HELP.IPSY.COMCA            6801",-10.00," ",,$10.00
"POS DEBIT",9/4/18,Checking,"VERC ENTERPRIS    MANCHESTER   NH            6801",-44.78," ",,$44.78
"DIRECT DEBIT",9/4/18,Checking,"PIZZA 911- GOFFSTOGOFFSTOWN    NH            6819",-17.22," ",,$17.22
"DIRECT DEBIT",9/4/18,Checking,"PAYPAL *RIOT GAMES402-935-7733 CA            6819",-10.00," ",,$10.00
"DIRECT DEPOSIT",9/4/18,Checking,"PAYPAL           VERIFYBANK",0.04," ",$0.04,
"DIRECT DEPOSIT",9/4/18,Checking,"PAYPAL           VERIFYBANK",0.11," ",$0.11,
DEPOSIT,9/4/18,Checking,,35.02," ",$35.02,
"POS DEBIT",8/31/18,Checking,"WINDHAM COUNTR    WINDHAM      NH            6819",-12.72," ",,$12.72
"DIRECT DEBIT",8/31/18,Checking,"PAYPAL *CANDPSCHIL402-935-7733 CA            6801",-9.56," ",,$9.56
"DIRECT DEBIT",8/31/18,Checking,"TST* UBON THAI 2 GMANCHESTER   NH            6801",-34.41," ",,$34.41
"DIRECT DEPOSIT",8/31/18,Checking,"Citizens Bank    PAYROLL",309.66," ",$309.66,
"DIRECT DEPOSIT",8/31/18,Checking,"ROBERT HALF INTE PAYROLL",1134.12," ","$1,134.12",
DEBIT,8/30/18,Checking,"PROG NORTHERN    INS PREM",-86.51," ",,$86.51
DEBIT,8/30/18,Checking,"VERIZON WIRELESS PAYMENTS",-145.42," ",,$145.42
"DIRECT DEBIT",8/30/18,Checking,"AMZN Mktp US      Amzn.com/billWA            6801",-8.98," ",,$8.98
"POS DEBIT",8/29/18,Checking,"WINDHAM COUNTR    WINDHAM      NH            6819",-26.86," ",,$26.86
"POS DEBIT",8/29/18,Checking,"WINDHAM COUNTR    WINDHAM      NH            6819",-16.05," ",,$16.05
"DIRECT DEBIT",8/29/18,Checking,"MCDONALD'S F7194  GOFFSTOWN    NH            6801",-11.88," ",,$11.88
"DIRECT DEBIT",8/29/18,Checking,"TST* 33 HILLTOP   WINDHAM      NH            6819",-11.44," ",,$11.44
"POS DEBIT",8/28/18,Checking,"WINDHAM COUNTR    WINDHAM      NH            6819",-13.10," ",,$13.10
"POS DEBIT",8/28/18,Checking,"Shaws - Osco      MERRIMACK    NH            6801",-123.18," ",,$123.18
"POS DEBIT",8/28/18,Checking,"BEST BUY #536     MANCHESTER   NH            6801",-20.00," ",,$20.00
"DIRECT DEBIT",8/28/18,Checking,"GOLDEN ACRES PIZZASTRIPE.COM   CA            6801",-20.85," ",,$20.85
"DIRECT DEBIT",8/28/18,Checking,"AMAZON.COM AMZN.COAMZN.COM/BILLWA            6801",-9.99," ",,$9.99
"DIRECT DEBIT",8/28/18,Checking,"AMZN Mktp US      Amzn.com/billWA            6819",-18.28," ",,$18.28
"DIRECT DEBIT",8/27/18,Checking,"Amazon.com        Amzn.com/billWA            6819",-10.68," ",,$10.68
"DIRECT DEBIT",8/27/18,Checking,"Amazon.com        Amzn.com/billWA            6819",-38.57," ",,$38.57
"DIRECT DEBIT",8/27/18,Checking,"AMZN Mktp US      Amzn.com/billWA            6801",-14.37," ",,$14.37
"DIRECT DEBIT",8/27/18,Checking,"SAKU JAPAN.       MANCHESTER   NH            6819",-12.84," ",,$12.84
"POS DEBIT",8/27/18,Checking,"THE MENS WEARH    MANCHESTER   NH            6819",-669.47," ",,$669.47
"POS DEBIT",8/27/18,Checking,"MARKET BASKET 71  BEDFORD      NH            6819",-63.59," ",,$63.59
"POS DEBIT",8/27/18,Checking,"NH LIQUOR STOR    BEDFORD      NH            6819",-65.25," ",,$65.25
"DIRECT DEBIT",8/27/18,Checking,"SQ *MANCHESTER CHRBEDFORD      NH            6801",-8.00," ",,$8.00
"DIRECT DEBIT",8/27/18,Checking,"AMZN Mktp US      Amzn.com/billWA            6801",-24.44," ",,$24.44
"DIRECT DEBIT",8/27/18,Checking,"AMZN Mktp US      Amzn.com/billWA            6801",-8.29," ",,$8.29
"DIRECT DEBIT",8/27/18,Checking,"AMZN MKTP US AMZN.AMZN.COM/BILLWA            6801",-9.98," ",,$9.98
TRANSFER,8/27/18,Checking,"TO SAVINGS       3373239967",-500.00," ",,$500.00
"DIRECT DEBIT",8/27/18,Checking,"PIZZA 911- GOFFSTOGOFFSTOWN    NH            6819",-26.67," ",,$26.67
"ATM DEBIT",8/27/18,Checking,"539 DONALD ST     BEDFORD      NH            6801",-60.00," ",,$60.00
"POS DEBIT",8/27/18,Checking,"CIRCLE K 07263    BEDFORD      NH            6801",-35.73," ",,$35.73
"DIRECT DEBIT",8/27/18,Checking,"DUNKIN #339732 Q35BEDFORD      NH            6801",-13.34," ",,$13.34
"DIRECT DEBIT",8/27/18,Checking,"RED ARROW 24 HOUR MANCHESTER   NH            6819",-26.61," ",,$26.61
"DIRECT DEBIT",8/27/18,Checking,"MCGARVEY SALOON   MANCHESTER   NH            6819",-13.00," ",,$13.00
"DIRECT DEBIT",8/27/18,Checking,"GOOGLE *MA        g.co/helppay#CA            6801",-0.99," ",,$0.99
"DIRECT DEBIT",8/27/18,Checking,"MCDONALD'S F26674 WINDHAM      NH            6819",-10.67," ",,$10.67
"POS DEBIT",8/24/18,Checking,"CVS/PHARMACY #00 0BEDFORD      NH            6801",-32.48," ",,$32.48
"DIRECT DEBIT",8/24/18,Checking,"MCDONALD'S F7194  GOFFSTOWN    NH            6801",-8.92," ",,$8.92
"DIRECT DEBIT",8/24/18,Checking,"AMAZON.COM AMZN.COAMZN.COM/BILLWA 6801",-37.99," ",,$37.99
"DIRECT DEBIT",8/24/18,Checking,"AMAZON.COM AMZN.COAMZN.COM/BILLWA            6801",-34.82," ",,$34.82
"DIRECT DEBIT",8/24/18,Checking,"AMZN Mktp US      Amzn.com/billWA            6819",-11.94," ",,$11.94
"DIRECT DEPOSIT",8/24/18,Checking,"Citizens Bank    PAYROLL",547.78," ",$547.78,
"POS DEBIT",8/23/18,Checking,"WINDHAM COUNTR    WINDHAM      NH            6819",-35.68," ",,$35.68
"POS DEBIT",8/23/18,Checking,"WINDHAM COUNTR    WINDHAM      NH            6819",-10.91," ",,$10.91
"POS DEBIT",8/23/18,Checking,"GOOGLE *Duolingo  855-836-3987 CA            6819",-9.99," ",,$9.99
"DIRECT DEBIT",8/23/18,Checking,"TST* UBON THAI 2 GMANCHESTER   NH            6801",-34.41," ",,$34.41
"DIRECT DEBIT",8/22/18,Checking,"GOOGLE *AMdroid Apg.co/helppay#CA            6819",-1.99," ",,$1.99
"DIRECT DEBIT",8/22/18,Checking,"AMAZON.COM AMZN.COAMZN.COM/BILLWA            6801",-12.00," ",,$12.00
"DIRECT DEPOSIT",8/22/18,Checking,"ROBERT HALF INTE PAYROLL",1157.30," ","$1,157.30",
"DIRECT DEBIT",8/21/18,Checking,"AMAZON.COM AMZN.COAMZN.COM/BILLWA            6801",-39.98," ",,$39.98
"DIRECT DEBIT",8/21/18,Checking,"AMZN MKTP US AMZN.AMZN.COM/BILLWA            6801",-76.07," ",,$76.07
"DIRECT DEBIT",8/21/18,Checking,"USPS.COM POSTAL ST800-782-6724 MO            6801",-11.25," ",,$11.25
"DIRECT DEBIT",8/21/18,Checking,"Steamgames.com4259425-9522985  WA            6819",-10.99," ",,$10.99
"POS DEBIT",8/20/18,Checking,"WM SUPERCENTER    SALEM        NH            6819",-52.11," ",,$52.11
"DIRECT DEBIT",8/20/18,Checking,"GOOGLE *BitTorrentg.co/helppay#CA            6819",-2.99," ",,$2.99
"POS DEBIT",8/20/18,Checking,"HANNAFORD #831    MANCHESTER   NH            6801",-48.68," ",,$48.68
"DIRECT DEBIT",8/20/18,Checking,"GOOGLE *MA        g.co/helppay#CA            6801",-4.99," ",,$4.99
"DIRECT DEBIT",8/20/18,Checking,"GOOGLE*CHEESEANDBAG.CO HELPPAY#CA            6819",-1.99," ",,$1.99
"POS DEBIT",8/20/18,Checking,"INSTACART SUBSCRIPHTTPSINSTACARCA            6819",-14.99," ",,$14.99
"DIRECT DEBIT",8/20/18,Checking,"GOOGLE *CheeseandBg.co/helppay#CA            6801",-1.99," ",,$1.99
"DIRECT DEBIT",8/20/18,Checking,"DUNKIN #339732 Q35BEDFORD      NH            6801",-12.81," ",,$12.81
"POS DEBIT",8/20/18,Checking,"WAL-MART #2399    MANCHESTER   NH            6801",-57.68," ",,$57.68
"POS DEBIT",8/20/18,Checking,"NETFLIX COM       LOS GATOS    CA            6819",-10.99," ",,$10.99
"DIRECT DEBIT",8/20/18,Checking,"UBER   TRIP XNNWE HELP.UBER.COMCA            6801",-11.71," ",,$11.71
"DIRECT DEBIT",8/20/18,Checking,"MCGARVEY SALOON   MANCHESTER   NH            6801",-33.00," ",,$33.00
"DIRECT DEBIT",8/20/18,Checking,"8ONE5             HUDSON       NH            6801",-26.80," ",,$26.80
"DIRECT DEBIT",8/20/18,Checking,"STEAMGAMES.COM 425425-8899642  WA            6819",-9.99," ",,$9.99
"DIRECT DEBIT",8/20/18,Checking,"UBER   TRIP YEBII HELP.UBER.COMCA            6801",-13.22," ",,$13.22
CHECK,8/17/18,Checking,,-30.00,143,,$30.00
DEBIT,8/17/18,Checking,"WF HOME MTG      AUTO PAY",-1424.77," ",,"$1,424.77"
"POS DEBIT",8/17/18,Checking,"Z1 XPRESS - GOFFSTGOFFSTOWN    NH            6819",-34.31," ",,$34.31
"DIRECT DEBIT",8/17/18,Checking,"DUNKIN #357416    MANCHESTER   NH            6801",-4.22," ",,$4.22
"DIRECT DEBIT",8/17/18,Checking,"AMZN MKTP US AMZN.AMZN.COM/BILLWA            6801",-7.88," ",,$7.88
"DIRECT DEBIT",8/17/18,Checking,"WALMART.COM       800-966-6546 AR            6801",-99.00," ",,$99.00
"DIRECT DEBIT",8/17/18,Checking,"AMZN MKTP US AMZN.AMZN.COM/BILLWA            6801",-10.76," ",,$10.76
"DIRECT DEPOSIT",8/17/18,Checking,"Citizens Bank    PAYROLL",190.03," ",$190.03,
"DIRECT DEPOSIT",8/17/18,Checking,"ROBERT HALF INTE PAYROLL",1134.13," ","$1,134.13",
CHECK,8/16/18,Checking,,-250.00,142,,$250.00
"POS DEBIT",8/16/18,Checking,"MARKET BASKET 71  BEDFORD      NH            6801",-59.76," ",,$59.76
"DIRECT DEBIT",8/16/18,Checking,"MCDONALD'S F7194  GOFFSTOWN    NH 6801",-12.21," ",,$12.21
"DIRECT DEBIT",8/16/18,Checking,"BETTERHELP  *DR.MU8886889296   CA            6819",-180.00," ",,$180.00
OTHER,8/15/18,Checking,,0.06," ",$0.06,
"POS DEBIT",8/15/18,Checking,"WAL-MART #2399    MANCHESTER   NH            6801",-195.94," ",,$195.94
"POS DEBIT",8/15/18,Checking,"Spotify USA       646-8375380  NY            6819",-9.99," ",,$9.99
"DIRECT DEBIT",8/15/18,Checking,"Audible           Amzn.com/billNJ            6819",-12.24," ",,$12.24
TRANSFER,8/15/18,Checking,"TO SAVINGS       3373239967",-500.00," ",,$500.00
"POS DEBIT",8/15/18,Checking,"HLU*Hulu 61201170-HULU.COM/BILLCA            6801",-7.99," ",,$7.99
"POS DEBIT",8/15/18,Checking,"SCAS WORTHEN I    BEDFORD      NH            6819",-3.28," ",,$3.28
"POS DEBIT",8/15/18,Checking,"SCAS WORTHEN I    BEDFORD      NH            6819",-38.55," ",,$38.55
"DIRECT DEBIT",8/15/18,Checking,"Audible           Amzn.com/billNJ            6819",-14.95," ",,$14.95
"DIRECT DEBIT",8/15/18,Checking,"GRANFANALLYS PIZZA603-8984412  NH            6819",-14.39," ",,$14.39
CREDIT,8/15/18,Checking,"Audible           Amzn.com/billNJ            6819",12.24," ",$12.24,
"DIRECT DEBIT",8/14/18,Checking,"INSTACART         HTTPSINSTACARCA            6819",-88.35," ",,$88.35
"DIRECT DEBIT",8/13/18,Checking,"STARBUCKS 4MA11   LUDLOW       MA            6801",-8.88," ",,$8.88
"POS DEBIT",8/13/18,Checking,"SIX FLAGS NEW ENGLAGAWAM       MA            6801",-15.99," ",,$15.99
"DIRECT DEBIT",8/13/18,Checking,"AROMA JOES COFFEE MANCHESTER   NH            6819",-4.91," ",,$4.91
"DIRECT DEBIT",8/13/18,Checking,"NEW YUKI JAPANESE MANCHESTER   NH            6819",-21.80," ",,$21.80
"POS DEBIT",8/13/18,Checking,"7-ELEVEN          MERRIMACK    NH            6801",-32.99," ",,$32.99
"DIRECT DEBIT",8/13/18,Checking,"DUNKIN #357416    MANCHESTER   NH            6801",-9.54," ",,$9.54
"DIRECT DEBIT",8/13/18,Checking,"SHORTYS MEXICAN ROMANCHESTER   NH            6819",-49.20," ",,$49.20
"DIRECT DEBIT",8/13/18,Checking,"CINEMAGIC & IMAX,H603-644-4629 NH            6801",-32.45," ",,$32.45
"DIRECT DEBIT",8/13/18,Checking,"RED ARROW 24 HOUR MANCHESTER   NH            6819",-14.54," ",,$14.54
"DIRECT DEBIT",8/13/18,Checking,"MCGARVEY SALOON   MANCHESTER   NH            6819",-25.00," ",,$25.00
"DIRECT DEBIT",8/13/18,Checking,"AMZN MKTP US AMZN.AMZN.COM/BILLWA            6801",-9.99," ",,$9.99
"DIRECT DEBIT",8/13/18,Checking,"WASABI STEAK HOUSESALEM        NH            6819",-20.39," ",,$20.39
"POS DEBIT",8/10/18,Checking,"CIRCLE K 07238    SALEM        NH            6819",-36.32," ",,$36.32
"DIRECT DEBIT",8/10/18,Checking,"DUNKIN #339732 Q35BEDFORD      NH            6801",-5.43," ",,$5.43
"DIRECT DEBIT",8/10/18,Checking,"AMZN MKTP US AMZN.AMZN.COM/BILLWA            6801",-32.86," ",,$32.86
"DIRECT DEBIT",8/10/18,Checking,"HAMPTON-METERS    CONCORD      NH            6801",-4.00," ",,$4.00
"DIRECT DEBIT",8/10/18,Checking,"DUNKIN #357416    MANCHESTER   NH            6801",-10.31," ",,$10.31
"DIRECT DEBIT",8/10/18,Checking,"Amazon.com        Amzn.com/billWA            6801",-36.53," ",,$36.53
"DIRECT DEPOSIT",8/10/18,Checking,"Citizens Bank    PAYROLL",190.02," ",$190.02,
"DIRECT DEPOSIT",8/10/18,Checking,"ROBERT HALF INTE PAYROLL",1134.12," ","$1,134.12",
"DIRECT DEBIT",8/9/18,Checking,"PP*FOODA          CHICAGO      IL            6819",-13.00," ",,$13.00
"DIRECT DEBIT",8/9/18,Checking,"DUNKIN #339732 Q35BEDFORD      NH            6801",-4.87," ",,$4.87
"POS DEBIT",8/8/18,Checking,"HANNAFORD #843    Bedford      NH            6801",-90.50," ",,$90.50
"POS DEBIT",8/8/18,Checking,"CIRCLE K 07263    BEDFORD      NH            6801",-28.88," ",,$28.88
"POS DEBIT",8/8/18,Checking,"GOOGLE *YouTube TV855-836-3987 CA            6819",-35.00," ",,$35.00
"DIRECT DEBIT",8/8/18,Checking,"GO OPTIC COM      877-6342020  DE            6819",-111.95," ",,$111.95
"DIRECT DEBIT",8/8/18,Checking,"AMZN MKTP US AMZN.AMZN.COM/BILLWA            6801",-18.98," ",,$18.98
DEBIT,8/7/18,Checking,"COMCAST 8773201  820154096",-85.95," ",,$85.95
"DIRECT DEBIT",8/7/18,Checking,"GOOGLE*PEAKGAMES  G.CO HELPPAY#CA            6801",-1.99," ",,$1.99
"DIRECT DEBIT",8/7/18,Checking,"AMAZON.COM AMZN.COAMZN.COM/BILLWA            6801",-29.90," ",,$29.90
"DIRECT DEBIT",8/7/18,Checking,"GOLDEN ACRES PIZZASTRIPE.COM   CA            6801",-15.57," ",,$15.57
"DIRECT DEBIT",8/7/18,Checking,"INSTACART         HTTPSINSTACARCA            6819",-277.42," ",,$277.42
"DIRECT DEBIT",8/7/18,Checking,"PANDORA*INTERNET RPDORA.COM/BILCA            6819",-54.89," ",,$54.89
"DIRECT DEBIT",8/7/18,Checking,"GRUBHUBASIANKABABGGRUBHUB.COM  NY            6819",-32.22," ",,$32.22
"DIRECT DEBIT",8/7/18,Checking,"AMZN Mktp US      Amzn.com/billWA            6801",-11.20," ",,$11.20
DEBIT,8/6/18,Checking,"FEDLOANSERVICING STDNT LOAN",-62.78," ",,$62.78
"POS DEBIT",8/6/18,Checking,"GOOGLE *YouTube Pr855-836-3987 CA            6819",-14.99," ",,$14.99
"DIRECT DEBIT",8/6/18,Checking,"Amazon.com        Amzn.com/billWA            6801",-15.48," ",,$15.48
"DIRECT DEBIT",8/6/18,Checking,"AMAZON.COM AMZN.COAMZN.COM/BILLWA            6801",-31.46," ",,$31.46
"DIRECT DEBIT",8/6/18,Checking,"AMZN Mktp US      Amzn.com/billWA            6801",-6.59," ",,$6.59
"DIRECT DEBIT",8/6/18,Checking,"GOLDEN ACRES PIZZASTRIPE.COM   CA            6801",-21.40," ",,$21.40
"DIRECT DEBIT",8/6/18,Checking,"DAILY WIRE        817-8503600  TX 6819",-7.99," ",,$7.99
"DIRECT DEBIT",8/6/18,Checking,"GOOGLE*PEAKGAMES  G.CO HELPPAY#CA            6801",-1.99," ",,$1.99
"DIRECT DEBIT",8/6/18,Checking,"AMZN MKTP US AMZN.AMZN.COM/BILLWA            6819",-69.00," ",,$69.00
"DIRECT DEBIT",8/6/18,Checking,"GOLDEN ACRES PIZZASTRIPE.COM   CA            6801",-15.88," ",,$15.88
"DIRECT DEBIT",8/6/18,Checking,"CIRCLE K 07037    AUGUSTA      ME            6801",-13.04," ",,$13.04
"POS DEBIT",8/6/18,Checking,"Wal-Mart Super    AUGUSTA      ME            6801",-33.44," ",,$33.44
"DIRECT DEBIT",8/6/18,Checking,"AMZN MKTP US AMZN.AMZN.COM/BILLWA            6819",-25.99," ",,$25.99
"DIRECT DEBIT",8/6/18,Checking,"KUME SUSHI HIBACHIAUGUSTA      ME            6819",-82.50," ",,$82.50
"DIRECT DEBIT",8/3/18,Checking,"STEAMGAMES.COM 425425-8899642  WA            6819",-4.99," ",,$4.99
"DIRECT DEPOSIT",8/3/18,Checking,"Citizens Bank    PAYROLL",1031.32," ","$1,031.32",
"DIRECT DEPOSIT",8/3/18,Checking,"ROBERT HALF INTE PAYROLL",1211.37," ","$1,211.37",
DEBIT,8/2/18,Checking,"THE GRANITE YMCA ELEC DRAFT",-76.00," ",,$76.00
"POS DEBIT",8/2/18,Checking,"OLD NAVY US 6155  AUGUSTA      ME            6801",-58.11," ",,$58.11
DEBIT,8/1/18,Checking,"VERIZON WIRELESS PAYMENTS",-145.42," ",,$145.42
"POS DEBIT",8/1/18,Checking,"HANNAFORD #823    AUGUSTA      ME            6819",-2.99," ",,$2.99
"POS DEBIT",8/1/18,Checking,"HANNAFORD #823    AUGUSTA      ME            6819",-234.07," ",,$234.07
"POS DEBIT",8/1/18,Checking,"OLD NAVY US 6155  AUGUSTA      ME            6801",-10.54," ",,$10.54
"POS DEBIT",8/1/18,Checking,"OLD NAVY US 6155  AUGUSTA      ME            6801",-27.37," ",,$27.37
"POS DEBIT",8/1/18,Checking,"ULTA #412         AUGUSTA      ME            6801",-60.12," ",,$60.12
"POS DEBIT",8/1/18,Checking,"MAURICE'S #1407 MAAUGUSTA      ME            6801",-7.91," ",,$7.91
"POS DEBIT",8/1/18,Checking,"THE CHILDRENS PLACAUGUSTA      ME            6801",-31.53," ",,$31.53
"POS DEBIT",8/1/18,Checking,"IPSY   *GLAM BAG  HELP.IPSY.COMCA            6801",-10.00," ",,$10.00
DEBIT,7/31/18,Checking,"PROG NORTHERN    INS PREM",-86.51," ",,$86.51
"DIRECT DEBIT",7/31/18,Checking,"AMAZON MKTPLACE PMWWW.AMAZON.COWA            6801",-15.98," ",,$15.98
"POS DEBIT",7/30/18,Checking,"WM SUPERCENTER    AUGUSTA      ME            6801",-10.04," ",,$10.04
"POS DEBIT",7/30/18,Checking,"WM SUPERCENTER    AUGUSTA      ME            6801",-121.89," ",,$121.89
"POS DEBIT",7/30/18,Checking,"DENNY'S #7181     AUGUSTA      ME 6801",-35.58," ",,$35.58
"POS DEBIT",7/30/18,Checking,"SHELL Service StatGOFFSTOWN    NH            6819",-32.94," ",,$32.94
"DIRECT DEBIT",7/30/18,Checking,"DUNKIN #337152 Q35GOFFSTOWN    NH            6801",-10.85," ",,$10.85
"DIRECT DEBIT",7/30/18,Checking,"TST* UBON THAI 2 GMANCHESTER   NH            6801",-23.69," ",,$23.69
"DIRECT DEBIT",7/30/18,Checking,"AMAZON MKTPLACE PMWWW.AMAZON.COWA            6801",-11.99," ",,$11.99
"POS DEBIT",7/27/18,Checking,"WM SUPERCENTER    SALEM        NH            6819",-30.37," ",,$30.37
"DIRECT DEBIT",7/27/18,Checking,"Steamgames.com4259425-9522985  WA            6819",-4.99," ",,$4.99
"POS DEBIT",7/26/18,Checking,"WINDHAM COUNTR    WINDHAM      NH            6819",-40.80," ",,$40.80
"POS DEBIT",7/26/18,Checking,"WINDHAM COUNTR    WINDHAM      NH            6819",-25.68," ",,$25.68
"DIRECT DEBIT",7/26/18,Checking,"GOOGLE *PeakGames g.co/helppay#CA            6801",-4.99," ",,$4.99
"DIRECT DEBIT",7/26/18,Checking,"AMAZON MKTPLACE PMAMZN.COM/BILLWA            6801",-20.99," ",,$20.99
"DIRECT DEPOSIT",7/26/18,Checking,"ROBERT HALF INTE PAYROLL",1046.90," ","$1,046.90",
"POS DEBIT",7/25/18,Checking,"CIRCLE K 07233    GOFFSTOWN    NH            6819",-10.59," ",,$10.59
"DIRECT DEBIT",7/24/18,Checking,"GOOGLE *PeakGames g.co/helppay#CA            6801",-1.99," ",,$1.99
"DIRECT DEBIT",7/24/18,Checking,"MADDIES           SALEM        NH            6819",-11.93," ",,$11.93
"DIRECT DEBIT",7/24/18,Checking,"AMAZON MKTPLACE PMWWW.AMAZON.COWA            6801",-14.89," ",,$14.89
"DIRECT DEBIT",7/24/18,Checking,"WALMART.COM 800966800-966-6546 AR            6801",-5.33," ",,$5.33
FEE,7/23/18,Checking,"EXCHANGE FEE",-0.69," ",,$0.69
DEBIT,7/23/18,Checking,"WF HOME MTG      AUTO PAY",-1456.84," ",,"$1,456.84"
"POS DEBIT",7/23/18,Checking,"GOOGLE *Duolingo  855-836-3987 CA            6819",-9.99," ",,$9.99
"POS DEBIT",7/23/18,Checking,"WAL-MART #2399    MANCHESTER   NH            6801",-419.19," ",,$419.19
"DIRECT DEBIT",7/23/18,Checking,"MCDONALD'S F7194  GOFFSTOWN    NH            6801",-11.34," ",,$11.34
"POS DEBIT",7/23/18,Checking,"PETSMART # 186    MANCHESTER   NH            6819",-105.99," ",,$105.99
"DIRECT DEBIT",7/23/18,Checking,"SAKU JAPAN.       MANCHESTER   NH            6819",-12.84," ",,$12.84
"DIRECT DEBIT",7/23/18,Checking,"SAKU JAPAN.       MANCHESTER   NH            6819",-9.79," ",,$9.79
"DIRECT DEBIT",7/23/18,Checking,"GOOGLE *PeakGames g.co/helppay#CA            6801",-1.99," ",,$1.99
"DIRECT DEBIT",7/23/18,Checking,"Amazon.com        AMZN.COM/BILLWA            6801",-11.29," ",,$11.29
"DIRECT DEBIT",7/23/18,Checking,"Audible           adbl.co/bill NJ            6819",-9.95," ",,$9.95
"DIRECT DEBIT",7/23/18,Checking,"Amazon.com        AMZN.COM/BILLWA            6801",-17.99," ",,$17.99
"DIRECT DEBIT",7/23/18,Checking,"EUROSTEP COMMERCE MILAN      TV              6801",-24.90," ",,$24.90
CHECK,7/20/18,Checking,,-69.00,139,,$69.00
CHECK,7/20/18,Checking,,-72.00,141,,$72.00
CHECK,7/20/18,Checking,,-72.00,140,,$72.00
"DIRECT DEBIT",7/20/18,Checking,"TIRE WAREHSE 90000GOFFSTOWN    NH            6801",-70.00," ",,$70.00
CHECK,7/19/18,Checking,,-107.80,136,,$107.80
"POS DEBIT",7/19/18,Checking,"SULLY'S SUPERE    GOFFSTOWN    NH            6801",-115.43," ",,$115.43
"POS DEBIT",7/19/18,Checking,"CUMBERLAND FAR    GOFFSTOWN    NH            6819",-36.54," ",,$36.54
"POS DEBIT",7/19/18,Checking,"CUMBERLAND FAR    GOFFSTOWN    NH            6819",-9.50," ",,$9.50
"DIRECT DEBIT",7/19/18,Checking,"GOOGLE *PeakGames g.co/helppay#CA            6801",-1.99," ",,$1.99
"DIRECT DEBIT",7/19/18,Checking,"RS*DOMAINNAME REGI425-2744500  WA            6819",-25.00," ",,$25.00
"DIRECT DEBIT",7/19/18,Checking,"BETTERHELP  *DR.MU8886889296   CA            6819",-180.00," ",,$180.00
"DIRECT DEPOSIT",7/19/18,Checking,"ROBERT HALF INTE PAYROLL",1070.07," ","$1,070.07",
CHECK,7/18/18,Checking,,-56.42,138,,$56.42
"POS DEBIT",7/18/18,Checking,"NETFLIX COM       LOS GATOS    CA            6819",-10.99," ",,$10.99
"POS DEBIT",7/18/18,Checking,"INSTACART SUBSCRIPHTTPSINSTACARCA            6819",-14.99," ",,$14.99
"DIRECT DEBIT",7/18/18,Checking,"TST* UBON THAI 2 GMANCHESTER   NH            6801",-26.94," ",,$26.94
OTHER,7/17/18,Checking,,0.10," ",$0.10,
"POS DEBIT",7/17/18,Checking,"GOFFSTOWN ANIM    MANCHESTER   NH            6801",-487.50," ",,$487.50
"DIRECT DEBIT",7/17/18,Checking,"AMAZON MKTPLACE PMAMZN.COM/BILLWA            6801",-12.95," ",,$12.95
DEBIT,7/16/18,Checking,"CHASE CREDIT CRD AUTOPAY",-98.88," ",,$98.88
"DIRECT DEBIT",7/16/18,Checking,"STEAMGAMES.COM    425-889-9642 WA            6819",-10.07," ",,$10.07
"DIRECT DEBIT",7/16/18,Checking,"SIX FLAGS NEW ENGL413-786-9300 MA            6801",-97.36," ",,$97.36
"POS DEBIT",7/16/18,Checking,"HLU*Hulu 61201170-HULU.COM/BILLCA            6801",-7.99," ",,$7.99
"POS DEBIT",7/16/18,Checking,"WAL-MART #2399    MANCHESTER   NH            6801",-79.25," ",,$79.25
"DIRECT DEBIT",7/16/18,Checking,"Amazon.com        AMZN.COM/BILLWA            6801",-9.88," ",,$9.88
"POS DEBIT",7/16/18,Checking,"CITGO-SILVAMART   MILFORD      NH            6819",-35.58," ",,$35.58
"DIRECT DEBIT",7/16/18,Checking,"Audible           adbl.co/bill NJ            6819",-14.95," ",,$14.95
"DIRECT DEBIT",7/16/18,Checking,"Audible           adbl.co/bill NJ            6819",-12.24," ",,$12.24
"DIRECT DEBIT",7/16/18,Checking,"GOOGLE*PEAKGAMES  G.CO HELPPAY#CA            6801",-4.99," ",,$4.99
"DIRECT DEBIT",7/16/18,Checking,"DUNKIN #339732 Q35BEDFORD      NH            6801",-9.56," ",,$9.56
"DIRECT DEBIT",7/16/18,Checking,"AMAZON MKTPLACE PMAMZN.COM/BILLWA            6801",-9.99," ",,$9.99
"DIRECT DEBIT",7/16/18,Checking,"SHUTTERFLY        800-986-1065 CA            6801",-29.98," ",,$29.98
"POS DEBIT",7/13/18,Checking,"WAL-MART #2399    MANCHESTER   NH            6801",-113.28," ",,$113.28
"DIRECT DEBIT",7/13/18,Checking,"ATLANTIC INNOVATIO888-660-8970 NH            6801",-27.56," ",,$27.56
"DIRECT DEBIT",7/13/18,Checking,"AMAZON.COM AMZN.COAMZN.COM/BILLWA            6801",-9.34," ",,$9.34
"DIRECT DEBIT",7/13/18,Checking,"GOLDEN ACRES PIZZASTRIPE.COM   CA            6801",-14.76," ",,$14.76
"DIRECT DEBIT",7/13/18,Checking,"POOR BOYS         LONDONDERRY  NH            6819",-17.31," ",,$17.31
"DIRECT DEBIT",7/13/18,Checking,"AMAZON MKTPLACE PMAMZN.COM/BILLWA            6819",-24.99," ",,$24.99
"DIRECT DEBIT",7/13/18,Checking,"AMAZON MKTPLACE PMAMZN.COM/BILLWA            6819",-96.07," ",,$96.07
"DIRECT DEPOSIT",7/13/18,Checking,"ROBERT HALF INTE PAYROLL",1039.18," ","$1,039.18",
FEE,7/12/18,Checking,"EXCHANGE FEE",-0.55," ",,$0.55
DEBIT,7/12/18,Checking,"CAPITAL ONE      ONLINE PMT",-64.85," ",,$64.85
DEBIT,7/12/18,Checking,"CAPITAL ONE      ONLINE PMT",-244.52," ",,$244.52
"POS DEBIT",7/12/18,Checking,"WWW.DI.FM         HTTPSDI.FM   CO            6819",-70.00," ",,$70.00
"DIRECT DEBIT",7/12/18,Checking,"GOOGLE *PeakGames g.co/helppay#CA            6801",-1.99," ",,$1.99
"DIRECT DEBIT",7/12/18,Checking,"AMAZON MKTPLACE PMAMZN.COM/BILLWA            6819",-18.76," ",,$18.76
"DIRECT DEBIT",7/12/18,Checking,"EUROSTEP COMMERCE MILAN      TV              6819",-19.90," ",,$19.90
CHECK,7/11/18,Checking,,-215.00,135,,$215.00
"DIRECT DEBIT",7/11/18,Checking,"Amazon.com        AMZN.COM/BILLWA            6801",-12.33," ",,$12.33
"DIRECT DEBIT",7/11/18,Checking,"DUNKIN #337152 Q35GOFFSTOWN    NH 6801",-6.51," ",,$6.51
"DIRECT DEBIT",7/10/18,Checking,"Audible           adbl.co/bill NJ            6819",-12.59," ",,$12.59
"DIRECT DEBIT",7/10/18,Checking,"Amazon.com        AMZN.COM/BILLWA            6819",-32.00," ",,$32.00
"DIRECT DEBIT",7/10/18,Checking,"ATLANTIC INNOVATIO888-660-8970 NH            6819",-35.66," ",,$35.66
"POS DEBIT",7/10/18,Checking,"CIRCLE K 07233    GOFFSTOWN    NH            6819",-42.16," ",,$42.16
"DIRECT DEBIT",7/10/18,Checking,"AMAZON.COM AMZN.COAMZN.COM/BILLWA            6819",-15.93," ",,$15.93
"DIRECT DEBIT",7/10/18,Checking,"HANNAFORD #8311   MANCHESTER   NH            6801",-173.23," ",,$173.23
"DIRECT DEBIT",7/10/18,Checking,"DUNKIN #357416    MANCHESTER   NH            6819",-2.71," ",,$2.71
DEBIT,7/9/18,Checking,"COMCAST 8773201  820154096",-85.95," ",,$85.95
"POS DEBIT",7/9/18,Checking,"Wal-Mart Store    BEDFORD      NH            6801",-30.14," ",,$30.14
"POS DEBIT",7/9/18,Checking,"Z1 XPRESS - GOFFSTGOFFSTOWN    NH            6819",-38.16," ",,$38.16
"POS DEBIT",7/9/18,Checking,"WM SUPERCENTER    AMHERST      NH            6801",-8.03," ",,$8.03
"POS DEBIT",7/9/18,Checking,"WM SUPERCENTER    AMHERST      NH            6801",-58.00," ",,$58.00
"DIRECT DEBIT",7/9/18,Checking,"AMAZON.COM AMZN.COAMZN.COM/BILLWA            6801",-18.58," ",,$18.58
"POS DEBIT",7/9/18,Checking,"GOOGLE *YouTube TV855-836-3987 CA            6819",-35.00," ",,$35.00
"DIRECT DEBIT",7/9/18,Checking,"AMAZON MKTPLACE PMAMZN.COM/BILLWA            6801",-17.97," ",,$17.97
"DIRECT DEBIT",7/9/18,Checking,"GOOGLE *PeakGames g.co/helppay#CA            6801",-4.99," ",,$4.99
"DIRECT DEBIT",7/9/18,Checking,"TST* UBON THAI 2 GMANCHESTER   NH            6819",-30.86," ",,$30.86
"DIRECT DEBIT",7/9/18,Checking,"AMAZON MKTPLACE PMWWW.AMAZON.COWA            6801",-33.84," ",,$33.84
"POS DEBIT",7/6/18,Checking,"GOOGLE *YouTube Pr855-836-3987 CA            6819",-14.99," ",,$14.99
"DIRECT DEBIT",7/6/18,Checking,"Amazon.com        AMZN.COM/BILLWA            6819",-14.18," ",,$14.18
"DIRECT DEBIT",7/6/18,Checking,"Amazon.com        AMZN.COM/BILLWA            6819",-10.84," ",,$10.84
"DIRECT DEBIT",7/6/18,Checking,"AMAZON MKTPLACE PMWWW.AMAZON.COWA            6801",-21.75," ",,$21.75
"DIRECT DEBIT",7/6/18,Checking,"DAILY WIRE        817-8503600  TX            6819",-7.99," ",,$7.99
"DIRECT DEBIT",7/5/18,Checking,"Amazon.com        AMZN.COM/BILLWA            6801",-34.99," ",,$34.99
"DIRECT DEBIT",7/5/18,Checking,"AMAZON.COM AMZN.COAMZN.COM/BILLWA            6801",-13.95," ",,$13.95
"DIRECT DEBIT",7/5/18,Checking,"USPS.COM POSTAL ST800-782-6724 MO            6801",-11.25," ",,$11.25
"DIRECT DEBIT",7/5/18,Checking,"AMAZON.COM AMZN.COAMZN.COM/BILLWA            6801",-8.70," ",,$8.70
"DIRECT DEPOSIT",7/5/18,Checking,"ROBERT HALF INTE PAYROLL",1145.54," ","$1,145.54",
DEBIT,7/3/18,Checking,"THE GRANITE YMCA ELEC DRAFT",-76.00," ",,$76.00
"POS DEBIT",7/3/18,Checking,"MARKET BASKET 71  BEDFORD      NH            6819",-28.98," ",,$28.98
"DIRECT DEBIT",7/3/18,Checking,"INSTACART         HTTPSINSTACARCA            6819",-70.49," ",,$70.49
"DIRECT DEBIT",7/3/18,Checking,"MADDIES           SALEM        NH            6819",-12.18," ",,$12.18
"DIRECT DEBIT",7/3/18,Checking,"AMAZON MKTPLACE PMWWW.AMAZON.COWA            6801",-7.28," ",,$7.28
DEBIT,7/2/18,Checking,"PROG NORTHERN    INS PREM",-86.51," ",,$86.51
DEBIT,7/2/18,Checking,"VERIZON WIRELESS PAYMENTS",-145.56," ",,$145.56
"DIRECT DEBIT",7/2/18,Checking,"Audible           adbl.co/bill NJ            6819",-12.24," ",,$12.24
"DIRECT DEBIT",7/2/18,Checking,"GOLDEN ACRES PIZZASTRIPE.COM   CA            6801",-33.74," ",,$33.74
"POS DEBIT",7/2/18,Checking,"Z1 XPRESS - GOFFSTGOFFSTOWN    NH            6801",-8.76," ",,$8.76
"POS DEBIT",7/2/18,Checking,"IPSY   *GLAM BAG  HELP.IPSY.COMCA            6801",-10.00," ",,$10.00
"DIRECT DEBIT",7/2/18,Checking,"RiotGam*LoL LN85LD866-373-9211 CA            6819",-20.00," ",,$20.00
"DIRECT DEBIT",7/2/18,Checking,"WWW.NEWEGG.COM    800-390-1119 CA            6819",-255.88," ",,$255.88
"POS DEBIT",7/2/18,Checking,"SULLY'S SUPERE    GOFFSTOWN    NH            6819",-27.81," ",,$27.81
"DIRECT DEBIT",7/2/18,Checking,"Amazon.com        AMZN.COM/BILLWA            6801",-37.84," ",,$37.84
"DIRECT DEBIT",7/2/18,Checking,"Amazon.com        AMZN.COM/BILLWA            6801",-13.34," ",,$13.34
"DIRECT DEBIT",7/2/18,Checking,"VIKSTERS PIZZA    GOFFSTOWN    NH            6801",-30.16," ",,$30.16
"DIRECT DEBIT",7/2/18,Checking,"Amazon.com        AMZN.COM/BILLWA            6801",-38.32," ",,$38.32
"DIRECT DEBIT",7/2/18,Checking,"MADDIES           SALEM        NH            6819",-12.35," ",,$12.35
"DIRECT DEBIT",7/2/18,Checking,"AMAZON.COM AMZN.COAMZN.COM/BILLWA            6801",-8.99," ",,$8.99
"DIRECT DEBIT",6/29/18,Checking,"AMAZON MKTPLACE PMAMZN.COM/BILLWA            6801",-88.97," ",,$88.97
"DIRECT DEBIT",6/29/18,Checking,"AMAZON MKTPLACE PMWWW.AMAZON.COWA            6801",-9.99," ",,$9.99
"DIRECT DEBIT",6/29/18,Checking,"AMAZON.COM AMZN.COAMZN.COM/BILLWA            6801",-22.94," ",,$22.94
"DIRECT DEPOSIT",6/29/18,Checking,"ROBERT HALF INTE PAYROLL",1145.52," ","$1,145.52",
"POS DEBIT",6/28/18,Checking,"WINDHAM COUNTR    WINDHAM      NH            6819",-37.79," ",,$37.79
"DIRECT DEBIT",6/28/18,Checking,"Amazon.com        AMZN.COM/BILLWA            6801",-13.99," ",,$13.99
"DIRECT DEBIT",6/28/18,Checking,"VIKSTERS PIZZA    GOFFSTOWN    NH            6801",-29.89," ",,$29.89
"DIRECT DEBIT",6/27/18,Checking,"SMARTSTYLE        AMHERST      NH            6801",-72.99," ",,$72.99
"DIRECT DEBIT",6/27/18,Checking,"ARBYS 8533        NASHUA       NH            6801",-13.49," ",,$13.49
"DIRECT DEBIT",6/27/18,Checking,"SPACE ENTERTAINMENHOOKSETT     NH            6819",-20.00," ",,$20.00
"DIRECT DEBIT",6/27/18,Checking,"WALMART.COM 800966800-966-6546 AR            6801",-19.99," ",,$19.99
"POS DEBIT",6/26/18,Checking,"Wal-Mart Super    AMHERST      NH            6801",-218.43," ",,$218.43
"DIRECT DEBIT",6/26/18,Checking,"GOOGLE *PeakGames g.co/helppay#CA            6801",-1.99," ",,$1.99
"DIRECT DEBIT",6/26/18,Checking,"AMAZON MKTPLACE PMAMZN.COM/BILLWA            6801",-14.84," ",,$14.84
"DIRECT DEBIT",6/26/18,Checking,"Amazon.com        AMZN.COM/BILLWA            6801",-9.98," ",,$9.98
"DIRECT DEBIT",6/26/18,Checking,"RS*DOMAINNAME REGI425-2744500  WA            6819",-50.00," ",,$50.00
FEE,6/25/18,Checking,"EXCHANGE FEE",-0.92," ",,$0.92
"POS DEBIT",6/25/18,Checking,"PAYPAL *COMCODE   402-935-7733 CA            6819",-9.99," ",,$9.99
"POS DEBIT",6/25/18,Checking,"HANNAFORD #831    MANCHESTER   NH            6819",-15.78," ",,$15.78
"POS DEBIT",6/25/18,Checking,"HANNAFORD #831    MANCHESTER   NH            6819",-71.05," ",,$71.05
"POS DEBIT",6/25/18,Checking,"GOOGLE *Duolingo  Mountain ViewCA            6819",-9.99," ",,$9.99
"DIRECT DEBIT",6/25/18,Checking,"AMAZON MKTPLACE PMAMZN.COM/BILLWA            6801",-24.96," ",,$24.96
"DIRECT DEBIT",6/25/18,Checking,"EVE ONLINE        REYKJAVIK                  6819",-33.02," ",,$33.02
"DIRECT DEPOSIT",6/25/18,Checking,"ROBERT HALF INTE PAYROLL",1145.53," ","$1,145.53",
